{
  "thresholds": [
    1.5,
    1.75,
    2.0,
    2.25,
    2.5,
    2.75,
    3.0,
    3.25,
    3.5,
    3.75,
    4.0,
    4.25,
    4.5,
    4.75,
    5.0
  ],
  "overall": {
    "tpr": [
      1.0,
      1.0,
      1.0,
      1.0,
      1.0,
      0.9807692307692307,
      0.9423076923076923,
      0.9038461538461539,
      0.8653846153846154,
      0.7884615384615384,
      0.7307692307692307,
      0.6923076923076923,
      0.6538461538461539,
      0.5769230769230769,
      0.5192307692307693
    ],
    "fpr": [
      0.3609154929577465,
      0.28018108651911466,
      0.21428571428571427,
      0.17178068410462777,
      0.14964788732394366,
      0.12122736418511067,
      0.08677062374245473,
      0.08174044265593561,
      0.07570422535211267,
      0.07067404426559357,
      0.06514084507042253,
      0.06438631790744467,
      0.04426559356136821,
      0.0,
      0.0
    ],
    "sig_accuracy": [
      0.9038461538461539,
      0.9423076923076923,
      0.9807692307692307,
      0.9807692307692307,
      1.0,
      0.9803921568627451,
      0.9795918367346939,
      0.9574468085106383,
      0.9111111111111111,
      0.8780487804878049,
      0.7894736842105263,
      0.75,
      0.7647058823529411,
      0.5666666666666667,
      0.48148148148148145
    ],
    "latency_median": [
      1.0,
      2.5,
      11.0,
      17.5,
      22.0,
      24,
      26,
      29,
      29,
      27,
      27.0,
      29.0,
      28.0,
      29.0,
      31
    ]
  },
  "by_failure": {
    "loop": {
      "tpr": [
        1.0,
        1.0,
        1.0,
        1.0,
        1.0,
        1.0,
        1.0,
        1.0,
        1.0,
        0.9230769230769231,
        0.8461538461538461,
        0.8461538461538461,
        0.7692307692307693,
        0.7692307692307693,
        0.6153846153846154
      ],
      "fpr": [
        0.3609154929577465,
        0.28018108651911466,
        0.21428571428571427,
        0.17178068410462777,
        0.14964788732394366,
        0.12122736418511067,
        0.08677062374245473,
        0.08174044265593561,
        0.07570422535211267,
        0.07067404426559357,
        0.06514084507042253,
        0.06438631790744467,
        0.04426559356136821,
        0.0,
        0.0
      ],
      "sig_accuracy": [
        1.0,
        1.0,
        1.0,
        1.0,
        1.0,
        0.9230769230769231,
        0.9230769230769231,
        0.8461538461538461,
        0.7692307692307693,
        0.8333333333333334,
        0.7272727272727273,
        0.5454545454545454,
        0.6,
        0.3,
        0.125
      ],
      "latency_median": [
        0,
        12,
        19,
        24,
        30,
        35,
        38,
        39,
        41,
        42.0,
        43,
        46,
        46.5,
        47.5,
        48.5
      ]
    },
    "drift": {
      "tpr": [
        1.0,
        1.0,
        1.0,
        1.0,
        1.0,
        1.0,
        1.0,
        1.0,
        1.0,
        1.0,
        1.0,
        1.0,
        1.0,
        1.0,
        1.0
      ],
      "fpr": [
        0.3609154929577465,
        0.28018108651911466,
        0.21428571428571427,
        0.17178068410462777,
        0.14964788732394366,
        0.12122736418511067,
        0.08677062374245473,
        0.08174044265593561,
        0.07570422535211267,
        0.07067404426559357,
        0.06514084507042253,
        0.06438631790744467,
        0.04426559356136821,
        0.0,
        0.0
      ],
      "sig_accuracy": [
        1.0,
        1.0,
        1.0,
        1.0,
        1.0,
        1.0,
        1.0,
        1.0,
        0.9230769230769231,
        0.8461538461538461,
        0.7692307692307693,
        0.6923076923076923,
        0.6923076923076923,
        0.5384615384615384,
        0.46153846153846156
      ],
      "latency_median": [
        0,
        0,
        5,
        7,
        12,
        13,
        14,
        17,
        18,
        19,
        21,
        22,
        24,
        24,
        26
      ]
    },
    "thrash": {
      "tpr": [
        1.0,
        1.0,
        1.0,
        1.0,
        1.0,
        1.0,
        1.0,
        1.0,
        1.0,
        1.0,
        0.9230769230769231,
        0.9230769230769231,
        0.8461538461538461,
        0.5384615384615384,
        0.46153846153846156
      ],
      "fpr": [
        0.3609154929577465,
        0.28018108651911466,
        0.21428571428571427,
        0.17178068410462777,
        0.14964788732394366,
        0.12122736418511067,
        0.08677062374245473,
        0.08174044265593561,
        0.07570422535211267,
        0.07067404426559357,
        0.06514084507042253,
        0.06438631790744467,
        0.04426559356136821,
        0.0,
        0.0
      ],
      "sig_accuracy": [
        0.6153846153846154,
        0.7692307692307693,
        0.9230769230769231,
        0.9230769230769231,
        1.0,
        1.0,
        1.0,
        1.0,
        1.0,
        1.0,
        1.0,
        1.0,
        1.0,
        1.0,
        1.0
      ],
      "latency_median": [
        2,
        3,
        4,
        13,
        15,
        16,
        19,
        21,
        23,
        25,
        27.0,
        31.5,
        33,
        29,
        30.5
      ]
    },
    "stall": {
      "tpr": [
        1.0,
        1.0,
        1.0,
        1.0,
        1.0,
        0.9230769230769231,
        0.7692307692307693,
        0.6153846153846154,
        0.46153846153846156,
        0.23076923076923078,
        0.15384615384615385,
        0.0,
        0.0,
        0.0,
        0.0
      ],
      "fpr": [
        0.3609154929577465,
        0.28018108651911466,
        0.21428571428571427,
        0.17178068410462777,
        0.14964788732394366,
        0.12122736418511067,
        0.08677062374245473,
        0.08174044265593561,
        0.07570422535211267,
        0.07067404426559357,
        0.06514084507042253,
        0.06438631790744467,
        0.04426559356136821,
        0.0,
        0.0
      ],
      "sig_accuracy": [
        1.0,
        1.0,
        1.0,
        1.0,
        1.0,
        1.0,
        1.0,
        1.0,
        1.0,
        0.6666666666666666,
        0.0,
        0.0,
        0.0,
        0.0,
        0.0
      ],
      "latency_median": [
        1,
        20,
        38,
        41,
        43,
        44.0,
        46.0,
        47.5,
        48.0,
        48,
        49.0,
        0.0,
        0.0,
        0.0,
        0.0
      ]
    }
  }
}